time,true_x,true_y,true_theta,odom_x,odom_y,odom_theta
0,0,0,0.0008601408510114341,0,0,0.0008601408510114341
0.1,0.033999987422681954,2.924478532830032e-05,0.0008601408510114341,0.033999987422681954,2.924478532830032e-05,0.0008601408510114341
0.2,0.06799997484536391,5.8489570656600636e-05,0.0008601408510114341,0.06799997484536391,5.8489570656600636e-05,0.0008601408510114341
0.3,0.10199996226804584,8.773435598490098e-05,0.0008601408510114341,0.10199996226804584,8.773435598490098e-05,0.0008601408510114341
0.4,0.13599994969072776,0.00011697914131320133,0.0008601408510114341,0.13599994969072776,0.00011697914131320133,0.0008601408510114341
0.5,0.1699999371134097,0.00014622392664150166,0.0008601408510114341,0.1699999371134097,0.00014622392664150166,0.0008601408510114341
0.6,0.20399992453609161,0.000175468711969802,0.0008601408510114341,0.20399992453609161,0.000175468711969802,0.0008601408510114341
0.7000000000000001,0.23799991195877354,0.00020471349729810236,0.0008601408510114341,0.23799991195877354,0.00020471349729810236,0.0008601408510114341
0.8,0.2719998993814556,0.0002339582826264027,0.0008601408510114341,0.2719998993814556,0.0002339582826264027,0.0008601408510114341
0.9,0.30599988680413764,0.00026320306795470295,0.0008601408510114341,0.30599988680413764,0.00026320306795470295,0.0008601408510114341
1,0.3399998742268197,0.00029244785328300316,0.0008601408510114341,0.3399998742268197,0.00029244785328300316,0.0008601408510114341
1.1,0.3739998616495018,0.0003216926386113034,0.0008601408510114341,0.3739998616495018,0.0003216926386113034,0.0008601408510114341
1.2,0.40799984907218384,0.0003509374239396036,0.0008601408510114341,0.40799984907218384,0.0003509374239396036,0.0008601408510114341
1.3,0.4419998364948659,0.0003801822092679038,0.0008601408510114341,0.4419998364948659,0.0003801822092679038,0.0008601408510114341
1.4000000000000001,0.47599982391754797,0.000409426994596204,0.0008601408510114341,0.47599982391754797,0.000409426994596204,0.0008601408510114341
1.5,0.50999981134023,0.0004386717799245042,0.0008601408510114341,0.50999981134023,0.0004386717799245042,0.0008601408510114341
1.6,0.543999798762912,0.00046791656525280444,0.0008601408510114341,0.543999798762912,0.00046791656525280444,0.0008601408510114341
1.7,0.5779997861855941,0.0004971613505811047,0.0008601408510114341,0.5779997861855941,0.0004971613505811047,0.0008601408510114341
1.8,0.6119997736082762,0.0005264061359094049,0.0008601408510114341,0.6119997736082762,0.0005264061359094049,0.0008601408510114341
1.9000000000000001,0.6459997610309582,0.0005556509212377051,0.0008601408510114341,0.6459997610309582,0.0005556509212377051,0.0008601408510114341
2,0.6799997484536403,0.0005848957065660053,0.0008601408510114341,0.6799997484536403,0.0005848957065660053,0.0008601408510114341
2.1,0.7139997358763224,0.0006141404918943056,0.0008601408510114341,0.7139997358763224,0.0006141404918943056,0.0008601408510114341
2.2,0.7479997232990044,0.0006433852772226058,0.0008601408510114341,0.7479997232990044,0.0006433852772226058,0.0008601408510114341
2.3000000000000003,0.7819997107216865,0.000672630062550906,0.0008601408510114341,0.7819997107216865,0.000672630062550906,0.0008601408510114341
2.4,0.8159996981443686,0.0007018748478792062,0.0008601408510114341,0.8159996981443686,0.0007018748478792062,0.0008601408510114341
2.5,0.8499996855670506,0.0007311196332075064,0.0008601408510114341,0.8499996855670506,0.0007311196332075064,0.0008601408510114341
2.6,0.8839996729897327,0.0007603644185358066,0.0008601408510114341,0.8839996729897327,0.0007603644185358066,0.0008601408510114341
2.7,0.9179996604124148,0.0007896092038641068,0.0008601408510114341,0.9179996604124148,0.0007896092038641068,0.0008601408510114341
2.8000000000000003,0.9519996478350968,0.000818853989192407,0.0008601408510114341,0.9519996478350968,0.000818853989192407,0.0008601408510114341
2.9,0.9859996352577789,0.0008480987745207073,0.0008601408510114341,0.9859996352577789,0.0008480987745207073,0.0008601408510114341
3,1.0199996226804606,0.0008773435598490075,0.0008601408510114341,1.0199996226804606,0.0008773435598490075,0.0008601408510114341
3.1,1.0335693006257123,0.0014583150299545251,0.14200992019978242,1.0335693006257123,0.0014583150299545251,0.14200992019978242
3.2,1.0418246486921665,0.0034436381755469283,0.3286310815770554,1.0418246486921665,0.0034436381755469283,0.3286310815770554
3.3000000000000003,1.0509005476757487,0.007146352105525226,0.4351294804195636,1.0509005476757487,0.007146352105525226,0.4351294804195636
3.4,1.061617403034367,0.013235709144390397,0.5934236020441634,1.061617403034367,0.013235709144390397,0.5934236020441634
3.5,1.0735620969356767,0.0219790523150829,0.66448209830374,1.0735620969356767,0.0219790523150829,0.66448209830374
3.6,1.08591931466798,0.03313966199889016,0.8021725188298912,1.08591931466798,0.03313966199889016,0.8021725188298912
3.7,1.0985206115929338,0.0468079619181198,0.8460546187396818,1.0985206115929338,0.0468079619181198,0.8460546187396818
3.8000000000000003,1.1107953232912797,0.06252194233514949,0.9678343341871447,1.1107953232912797,0.06252194233514949,0.9678343341871447
3.9,1.1227507464941113,0.08036971637852294,0.9907437884224383,1.1227507464941113,0.08036971637852294,0.9907437884224383
4,1.1340046391878313,0.09980631813735465,1.1002563110275974,1.1340046391878313,0.09980631813735465,1.1002563110275974
4.1,1.1446608887650036,0.12098198732993434,1.107010985941168,1.1446608887650036,0.12098198732993434,1.107010985941168
4.2,1.154466135540479,0.14333103263748037,1.2070824409152654,1.154466135540479,0.14333103263748037,1.2070824409152654
4.3,1.1635639050382494,0.16707804400420576,1.201412681808407,1.1635639050382494,0.16707804400420576,1.201412681808407
4.4,1.1717856603777783,0.19166017738941496,1.2942273522558096,1.1717856603777783,0.19166017738941496,1.2942273522558096
4.5,1.1792803898455437,0.21736854707345377,1.2790122621551603,1.1792803898455437,0.21736854707345377,1.2790122621551603
4.6000000000000005,1.1859355475256508,0.24365005059075942,1.3662543807944876,1.1859355475256508,0.24365005059075942,1.3662543807944876
4.7,1.1918874229485976,0.2708491596286501,1.3437132609661413,1.1918874229485976,0.2708491596286501,1.3437132609661413
4.8,1.1970615665286004,0.2984229987030223,1.4266814987865557,1.1970615665286004,0.2984229987030223,1.4266814987865557
4.9,1.201573118281696,0.3267566420191688,1.3985274980189673,1.201573118281696,0.3267566420191688,1.3985274980189673
5,1.2053748495499925,0.3553159078757301,1.4782262891080136,1.2053748495499925,0.3553159078757301,1.4782262891080136
5.1000000000000005,1.208557668622322,0.38451588170678513,1.4457883804912715,1.208557668622322,0.38451588170678513,1.4457883804912715
5.2,1.2110949716446715,0.4138292337002316,1.5230002026202618,1.2110949716446715,0.4138292337002316,1.5230002026202618
5.3,1.2130530636251986,0.4436927974833438,1.4873196984136652,1.2130530636251986,0.4436927974833438,1.4873196984136652
5.4,1.2144219095967903,0.473584515455723,1.5626624263158861,1.2144219095967903,0.473584515455723,1.5626624263158861
5.5,1.215244017805173,0.5039566692460926,1.5245701217357421,1.215244017805173,0.5039566692460926,1.5245701217357421
5.6000000000000005,1.2155233421436016,0.5342912766383494,1.5985434601813011,1.2155233421436016,0.5342912766383494,1.5985434601813011
5.7,1.2152797154603148,0.5650512509198087,1.5587234122135682,1.2152797154603148,0.5650512509198087,1.5587234122135682
5.8,1.2145293194903184,0.5957218300824084,1.6317485045380313,1.2145293194903184,0.5957218300824084,1.6317485045380313
5.9,1.2132702413485421,0.6267727681489521,1.5907950058115679,1.2132702413485421,0.6267727681489521,1.5907950058115679
6,1.2115295066727956,0.657691914463152,1.6632521304283634,1.2115295066727956,0.657691914463152,1.6632521304283634
6.1000000000000005,1.2092838267778452,0.6889526687308647,1.6217287780766343,1.2092838267778452,0.6889526687308647,1.6217287780766343
6.2,1.2065696806264719,0.7200449995834611,1.694000772626203,1.2065696806264719,0.7200449995834611,1.694000772626203
6.3,1.2033417843539445,0.751442880394883,1.652517648337592,1.2033417843539445,0.751442880394883,1.652517648337592
6.4,1.1996441471470287,0.7826378073796519,1.7250548071593461,1.1996441471470287,0.7826378073796519,1.7250548071593461
6.5,1.1954070656029399,0.8141006535232258,1.6844014328764474,1.1954070656029399,0.8141006535232258,1.6844014328764474
6.6000000000000005,1.1906784936844372,0.8453232261290954,1.757849544749998,1.1906784936844372,0.8453232261290954,1.757849544749998
6.7,1.1853579776680074,0.876767366857344,1.7192965807859233,1.1853579776680074,0.876767366857344,1.7192965807859233
6.8,1.179488814107582,0.907921568924997,1.7948296502684817,1.179488814107582,0.907921568924997,1.7948296502684817
6.9,1.1729225373158274,0.9392248948052175,1.7610491234315575,1.1729225373158274,0.9392248948052175,1.7610491234315575
7,1.1722811152629142,0.947684898929656,1.533710959006996,1.1722811152629142,0.947684898929656,1.533710959006996
7.1000000000000005,1.1732963250416903,0.9561120790308075,1.3744528951734114,1.1732963250416903,0.9561120790308075,1.3744528951734114
7.2,1.1757655017839426,0.9643448672440265,1.1869157582746566,1.1757655017839426,0.9643448672440265,1.1869157582746566
7.3,1.1804379967377923,0.9741867766727619,1.0781874294180565,1.1804379967377923,0.9741867766727619,1.0781874294180565
7.4,1.1877161743651357,0.9854178593440307,0.9179737943908055,1.1877161743651357,0.9854178593440307,0.9179737943908055
7.5,1.1978209987995196,0.9975929818601809,0.8437836545504784,1.1978209987995196,0.9975929818601809,0.8437836545504784
7.6000000000000005,1.2104510001324387,1.0099050759308863,0.7039020269115777,1.2104510001324387,1.0099050759308863,0.7039020269115777
7.7,1.2256658444225568,1.0221691875299632,0.6566536938075961,1.2256658444225568,1.0221691875299632,0.6566536938075961
7.8,1.2429552658505285,1.033843891908631,0.532605435781869,1.2429552658505285,1.033843891908631,0.532605435781869
7.9,1.2623901639905861,1.0449239476764052,0.5062859846013408,1.2623901639905861,1.0449239476764052,0.5062859846013408
8,1.2833914389225958,1.0550672200939126,0.3945039374457104,1.2833914389225958,1.0550672200939126,0.3945039374457104
8.1,1.3061015270863678,1.0643624320296012,0.3843545416817905,1.3061015270863678,1.0643624320296012,0.3843545416817905
8.2,1.329931477030684,1.0726016729680534,0.2820236249376503,1.329931477030684,1.0726016729680534,0.2820236249376503
8.3,1.3551035608398707,1.0799075833144227,0.2842983683141202,1.3551035608398707,1.0799075833144227,0.2842983683141202
8.4,1.3810396396620883,1.0861595877055983,0.1892064917729061,1.3810396396620883,1.0861595877055983,0.1892064917729061
8.5,1.4080308919631812,1.0914788562555273,0.20096264109783119,1.4080308919631812,1.0914788562555273,0.20096264109783119
8.6,1.4355146708245952,1.0958019353890605,0.11136976498559617,1.4355146708245952,1.0958019353890605,0.11136976498559617
8.700000000000001,1.4638356110808912,1.0992299734597022,0.13028452952681346,1.4638356110808912,1.0992299734597022,0.13028452952681346
8.8,1.4924454813072952,1.1017380434512993,0.044808985996259106,1.4924454813072952,1.1017380434512993,0.044808985996259106
8.9,1.521727907375955,1.1033985994491742,0.06902050588751518,1.521727907375955,1.1033985994491742,0.06902050588751518
9,1.5511464576186873,1.1042138744224825,-0.01346053376077963,1.5511464576186873,1.1042138744224825,-0.01346053376077963
9.1,1.581111690605442,1.104224046705229,0.01450418944529945,1.581111690605442,1.104224046705229,0.01450418944529945
9.200000000000001,1.6110963163125467,1.1034512726208163,-0.06593948033851285,1.6110963163125467,1.1034512726208163,-0.06593948033851285
9.3,1.6415279312959308,1.101901861327959,-0.03558982068576127,1.6415279312959308,1.101901861327959,-0.03558982068576127
9.4,1.6718859791011624,1.099612591417937,-0.11489050069335768,1.6718859791011624,1.099612591417937,-0.11489050069335768
9.5,1.7026063424142173,1.0965540179504152,-0.08352929849231813,1.7026063424142173,1.0965540179504152,-0.08352929849231813
9.6,1.7331726168420438,1.0927721545816542,-0.1626703674744395,1.7331726168420438,1.0927721545816542,-0.1626703674744395
9.700000000000001,1.7640193874201535,1.088196970403892,-0.13199454048620352,1.7640193874201535,1.088196970403892,-0.13199454048620352
9.8,1.7946299827505423,1.0828748444624665,-0.21236928306096312,1.7946299827505423,1.0828748444624665,-0.21236928306096312
9.9,1.8254220533108436,1.0766813077090538,-0.18521751824668192,1.8254220533108436,1.0766813077090538,-0.18521751824668192
10,1.8427188018966973,1.0733187650803402,-0.05776549340390169,1.8427188018966973,1.0733187650803402,-0.05776549340390169
10.1,1.8512054334501997,1.073506422973967,0.09575331245839441,1.8512054334501997,1.073506422973967,0.09575331245839441
10.200000000000001,1.8596122713311554,1.0751130675281075,0.27984370039323075,1.8596122713311554,1.0751130675281075,0.27984370039323075
10.3,1.869789992102974,1.0786743889173875,0.38346936808744203,1.869789992102974,1.0786743889173875,0.38346936808744203
10.4,1.881632049425437,1.084601136211491,0.5401548927581332,1.881632049425437,1.084601136211491,0.5401548927581332
10.5,1.8947589144479222,1.093151768703166,0.608975485549315,1.8947589144479222,1.093151768703166,0.608975485549315
10.6,1.9083573221019432,1.1041096102460952,0.745272378539305,1.9083573221019432,1.1041096102460952,0.745272378539305
10.700000000000001,1.922283162591301,1.1175604055567474,0.7871887250942683,1.922283162591301,1.1175604055567474,0.7871887250942683
10.8,1.9359532539793223,1.133063366261253,0.9077306131056946,1.9359532539793223,1.133063366261253,0.9077306131056946
10.9,1.9493958283426327,1.1507012760938262,0.9288781216180817,1.9493958283426327,1.1507012760938262,0.9288781216180817
11,1.9622066712366477,1.1699474605401954,1.0372724099013813,1.9622066712366477,1.1699474605401954,1.0372724099013813
11.1,1.9745107180036272,1.190945377822544,1.0424245894171555,1.9745107180036272,1.190945377822544,1.0424245894171555
11.200000000000001,1.986026796397411,1.213143954004381,1.1414728398832443,1.986026796397411,1.213143954004381,1.1414728398832443
11.3,1.9969213638047068,1.2367601880560934,1.1343290434480693,1.9969213638047068,1.2367601880560934,1.1343290434480693
11.4,2.006994398451477,1.2612425685131559,1.2261981352406068,2.006994398451477,1.2612425685131559,1.2261981352406068
11.5,2.0164203404792165,1.2868746359870311,1.209615459775666,2.0164203404792165,1.2868746359870311,1.209615459775666
11.6,2.0250527008942196,1.3131119545020544,1.2959773468046893,2.0250527008942196,1.3131119545020544,1.2959773468046893
11.700000000000001,2.0330557854425217,1.3402920716543254,1.2721598124118254,2.0330557854425217,1.3402920716543254,1.2721598124118254
11.8,2.0403194074154327,1.367878660467614,1.354304866333101,2.0403194074154327,1.367878660467614,1.354304866333101
11.9,2.046989070989253,1.396250914920353,1.3249557422746212,2.046989070989253,1.396250914920353,1.3249557422746212
12,2.0529803810576066,1.4248794969891505,1.4038834174013557,2.0529803810576066,1.4248794969891505,1.4038834174013557
12.1,2.0584166492239473,1.4541748660426528,1.3703265162036165,2.0584166492239473,1.4541748660426528,1.3703265162036165
12.200000000000001,2.0632328795867463,1.4836131224411608,1.4468173823367978,2.0632328795867463,1.4836131224411608,1.4468173823367978
12.3,2.067529490086062,1.5136278186661403,1.410093544518366,2.067529490086062,1.5136278186661403,1.410093544518366
12.4,2.071256940846344,1.543699113818743,1.4847668821883535,2.071256940846344,1.543699113818743,1.4847668821883535
12.5,2.074493230365322,1.5742773742329128,1.4457119727133265,2.074493230365322,1.5742773742329128,1.4457119727133265
12.6,2.077201745460143,1.604845758037446,1.519073188674282,2.077201745460143,1.604845758037446,1.519073188674282
12.700000000000001,2.0794388361217346,1.6358666111257898,1.4783842023976677,2.0794388361217346,1.6358666111257898,1.4783842023976677
12.8,2.081179042382768,1.6668253308942815,1.550866766759508,2.081179042382768,1.6668253308942815,1.550866766759508
12.9,2.0824575786350614,1.6981924069684586,1.5091640263794996,2.0824575786350614,1.6981924069684586,1.5091640263794996
13,2.0832586407655893,1.7294549331162568,1.581172331490681,2.0832586407655893,1.7294549331162568,1.581172331490681
13.1,2.08359608745453,1.7610882617836938,1.5390703088585778,2.08359608745453,1.7610882617836938,1.5390703088585778
13.200000000000001,2.083462050547106,1.7925807233002728,1.6110350649420713,2.083462050547106,1.7925807233002728,1.6110350649420713
13.3,2.082847394025254,1.8244092606888858,1.5692481697901501,2.082847394025254,1.8244092606888858,1.5692481697901501
13.4,2.081749380151561,1.8560627891296528,1.641722202547001,2.081749380151561,1.8560627891296528,1.641722202547001
13.5,2.080131280972514,1.8880155786275548,1.601277681335011,2.080131280972514,1.8880155786275548,1.601277681335011
13.6,2.0779893275532952,1.9197554489393682,1.675158523154512,2.0779893275532952,1.9197554489393682,1.675158523154512
13.700000000000001,2.075246973218542,1.9517458893324808,1.6379753095457215,2.075246973218542,1.9517458893324808,1.6379753095457215
13.8,2.0726681632834993,1.9742960759690174,1.7603977849058179,2.0726681632834993,1.9742960759690174,1.7603977849058179
13.9,2.0697928504221657,1.9845567710701417,1.9222486948369926,2.0697928504221657,1.9845567710701417,1.9222486948369926
14,2.064779005743612,1.9966240912792377,2.001134470077887,2.064779005743612,1.9966240912792377,2.001134470077887
14.1,2.0575982775837756,2.0096490593740555,2.1454539439422167,2.0575982775837756,2.0096490593740555,2.1454539439422167
14.200000000000001,2.048070943657451,2.0234477250600396,2.2010511794086387,2.048070943657451,2.0234477250600396,2.2010511794086387
14.3,2.0364615984724983,2.0373333298354326,2.331664588443216,2.0364615984724983,2.0373333298354326,2.331664588443216
14.4,2.022654991951281,2.051265568770604,2.369153644843698,2.022654991951281,2.051265568770604,2.369153644843698
14.5,2.0070633996057805,2.064719145391924,2.4891833760097684,2.0070633996057805,2.064719145391924,2.4891833760097684
14.6,1.9895528703822842,2.077748631384466,2.512805201175229,1.9895528703822842,2.077748631384466,2.512805201175229
14.700000000000001,1.9706048850438744,2.089959225921815,2.6248123664766805,1.9706048850438744,2.089959225921815,2.6248123664766805
14.8,1.9500361860455173,2.1014517719410617,2.6380589018961174,1.9500361860455173,2.1014517719410617,2.6380589018961174
14.9,1.928358404671901,2.111930010766788,2.744168138474224,1.928358404671901,2.111930010766788,2.744168138474224
15,1.9053348256738503,2.1215042055202336,2.749975046734393,1.9053348256738503,2.1215042055202336,2.749975046734393
15.1,1.8814890564068596,2.129951290433566,2.852009446478546,1.8814890564068596,2.129951290433566,2.852009446478546
15.200000000000001,1.8565386042769572,2.1373651493088834,2.852973875496611,1.8565386042769572,2.1373651493088834,2.852973875496611
15.3,1.8310114465854188,2.1435769430761336,2.952616018070245,1.8310114465854188,2.1435769430761336,2.952616018070245
15.4,1.8045922290103,2.1486452280453454,2.9512788375762593,1.8045922290103,2.1486452280453454,2.9512788375762593
15.5,1.7778114672766343,2.1524399792843614,3.0503030340185653,1.7778114672766343,2.1524399792843614,3.0503030340185653
15.6,1.7503378944664802,2.154966965345332,3.049614726812897,1.7503378944664802,2.154966965345332,3.049614726812897
15.700000000000001,1.7227079001516918,2.1561183169609075,-3.1328551587985367,1.7227079001516918,2.1561183169609075,-3.1328551587985367
15.8,1.6946001515054654,2.1558227910733296,-3.1284900977885703,1.6946001515054654,2.1558227910733296,-3.1284900977885703
15.88,1.6720978730062643,2.1544617371969372,-3.0820734226844735,1.6720978730062643,2.1544617371969372,-3.0820734226844735
